H,1,315
H,2,204
H,2,204
H,3,206
H,3,206
H,3,206
WD,02,019
WD,02,019
H,5,314
H,5,314
WD,02,019
WD,02,019
WD,02,019
H,1,312
H,3,206
H,1,206
WD,05,002
WD,05,002
WD,05,002
WD,04,002
WD,03,005
WD,03,005
WD,03,005
WD,03,005
H,3,403
H,3,206
H,1,306
H,1,315
WD,01,016
H,4,308
H,1,403
H,1,315
H,1,315
H,1,315
H,3,403
H,2,318
H,2,318
H,1,312
H,4,115
H,4,115
H,4,115
H,1,315
H,2,204
WN,02,022
WN,03,007
WN,02,022
WN,02,007
WN,02,022
WN,02,007
WN,02,017
WN,02,017
WN,02,007
WN,02,017
WN,02,007
WN,02,017
WN,02,007
WN,02,017
WN,02,007
WN,02,017
WN,02,017
WN,02,017
WN,03,007
WN,02,017
WN,02,017
WN,03,017
WN,02,007
H,2,306
H,2,306
H,2,306
H,2,306
H,2,306
H,2,306
H,2,306
H,2,306
H,2,306
H,2,306
H,3,312
H,2,306
H,2,308
H,2,306
H,2,306
W,0,116
H,1,315
WD,01,016
WD,04,002
WD,01,016
WD,05,018
WD,05,018
H,4,312
H,1,315
WD,02,002
WD,02,002
WD,02,002
WD,02,002
WD,02,002
H,2,318
H,3,206
H,1,206
H,1,206
H,3,403
H,1,308
WD,01,019
H,1,308
H,1,308
WD,01,019
H,1,206
H,1,318
WD,01,019
WD,01,019
H,1,308
H,1,308
WD,04,016
H,1,308
WD,05,005
H,4,308
H,1,308
H,4,308
H,4,308
H,4,312
WD,05,005
WD,05,005
WD,05,005
WD,01,003
WD,01,003
H,2,204
H,4,308
WD,04,002
H,1,315
H,1,110
H,1,308